<?xml version="1.0" encoding="utf-8" ?>
<dwsync>
<file name="adodb-access.inc.php" server="ftp.fcshexternado.com/public_html/" local="132338933832043615" remote="132072084000000000" Dst="0" />
<file name="adodb-ado.inc.php" server="ftp.fcshexternado.com/public_html/" local="132338933833040974" remote="132072084000000000" Dst="0" />
<file name="adodb-ado5.inc.php" server="ftp.fcshexternado.com/public_html/" local="132338933836825946" remote="132072084000000000" Dst="0" />
<file name="adodb-ado_access.inc.php" server="ftp.fcshexternado.com/public_html/" local="132338933836955870" remote="132072084000000000" Dst="0" />
<file name="adodb-ado_mssql.inc.php" server="ftp.fcshexternado.com/public_html/" local="132338933837875306" remote="132072084000000000" Dst="0" />
<file name="adodb-borland_ibase.inc.php" server="ftp.fcshexternado.com/public_html/" local="132338933841922545" remote="132072084000000000" Dst="0" />
<file name="adodb-ads.inc.php" server="ftp.fcshexternado.com/public_html/" local="132338933842052467" remote="132072084000000000" Dst="0" />
<file name="adodb-csv.inc.php" server="ftp.fcshexternado.com/public_html/" local="132338933842847476" remote="132072084000000000" Dst="0" />
<file name="adodb-db2oci.inc.php" server="ftp.fcshexternado.com/public_html/" local="132338933845969537" remote="132072084000000000" Dst="0" />
<file name="adodb-db2.inc.php" server="ftp.fcshexternado.com/public_html/" local="132338933850558485" remote="132072084000000000" Dst="0" />
<file name="adodb-db2ora.inc.php" server="ftp.fcshexternado.com/public_html/" local="132338933851547880" remote="132072084000000000" Dst="0" />
<file name="adodb-fbsql.inc.php" server="ftp.fcshexternado.com/public_html/" local="132338933851617885" remote="132072084000000000" Dst="0" />
<file name="adodb-firebird.inc.php" server="ftp.fcshexternado.com/public_html/" local="132338933854516035" remote="132072084000000000" Dst="0" />
<file name="adodb-informix.inc.php" server="ftp.fcshexternado.com/public_html/" local="132338933855535407" remote="132072084000000000" Dst="0" />
<file name="adodb-ibase.inc.php" server="ftp.fcshexternado.com/public_html/" local="132338933860102607" remote="132072084000000000" Dst="0" />
<file name="adodb-informix72.inc.php" server="ftp.fcshexternado.com/public_html/" local="132338933862331225" remote="132072084000000000" Dst="0" />
<file name="adodb-ldap.inc.php" server="ftp.fcshexternado.com/public_html/" local="132338933863289859" remote="132072084000000000" Dst="0" />
<file name="adodb-mssql.inc.php" server="ftp.fcshexternado.com/public_html/" local="132338933865369775" remote="132072084000000000" Dst="0" />
<file name="adodb-mssqlnative.inc.php" server="ftp.fcshexternado.com/public_html/" local="132338933868322979" remote="132072084000000000" Dst="0" />
<file name="adodb-mssqlpo.inc.php" server="ftp.fcshexternado.com/public_html/" local="132338933870030796" remote="132072084000000000" Dst="0" />
<file name="adodb-mysql.inc.php" server="ftp.fcshexternado.com/public_html/" local="132338933873988358" remote="132072084000000000" Dst="0" />
<file name="adodb-mysqli.inc.php" server="ftp.fcshexternado.com/public_html/" local="132338933875981504" remote="132072084000000000" Dst="0" />
<file name="adodb-mysqlpo.inc.php" server="ftp.fcshexternado.com/public_html/" local="132338933879172193" remote="132072084000000000" Dst="0" />
<file name="adodb-mssql_n.inc.php" server="ftp.fcshexternado.com/public_html/" local="132338933879622176" remote="132072084000000000" Dst="0" />
<file name="adodb-mysqlt.inc.php" server="ftp.fcshexternado.com/public_html/" local="132338933880405873" remote="132072084000000000" Dst="0" />
<file name="adodb-netezza.inc.php" server="ftp.fcshexternado.com/public_html/" local="132338933883405352" remote="132072084000000000" Dst="0" />
<file name="adodb-oci805.inc.php" server="ftp.fcshexternado.com/public_html/" local="132338933884474699" remote="132072084000000000" Dst="0" />
<file name="adodb-oci8.inc.php" server="ftp.fcshexternado.com/public_html/" local="132338933886418086" remote="132072084000000000" Dst="0" />
<file name="adodb-oci8po.inc.php" server="ftp.fcshexternado.com/public_html/" local="132338933887447423" remote="132072084000000000" Dst="0" />
<file name="adodb-oci8quercus.inc.php" server="ftp.fcshexternado.com/public_html/" local="132338933889336262" remote="132072084000000000" Dst="0" />
<file name="adodb-odbc_db2.inc.php" server="ftp.fcshexternado.com/public_html/" local="132338933892658328" remote="132072084000000000" Dst="0" />
<file name="adodb-odbc.inc.php" server="ftp.fcshexternado.com/public_html/" local="132338933892678320" remote="132072084000000000" Dst="0" />
<file name="adodb-odbc_mssql.inc.php" server="ftp.fcshexternado.com/public_html/" local="132338933895616576" remote="132072084000000000" Dst="0" />
<file name="adodb-odbc_oracle.inc.php" server="ftp.fcshexternado.com/public_html/" local="132338933898623171" remote="132072084000000000" Dst="0" />
<file name="adodb-odbtp.inc.php" server="ftp.fcshexternado.com/public_html/" local="132338933900502022" remote="132072084000000000" Dst="0" />
<file name="adodb-oracle.inc.php" server="ftp.fcshexternado.com/public_html/" local="132338933903728429" remote="132072084000000000" Dst="0" />
<file name="adodb-odbtp_unicode.inc.php" server="ftp.fcshexternado.com/public_html/" local="132338933903898317" remote="132072084000000000" Dst="0" />
<file name="adodb-pdo.inc.php" server="ftp.fcshexternado.com/public_html/" local="132338933906156919" remote="132072084000000000" Dst="0" />
<file name="adodb-pdo_mssql.inc.php" server="ftp.fcshexternado.com/public_html/" local="132338933908035752" remote="132072084000000000" Dst="0" />
<file name="adodb-pdo_mysql.inc.php" server="ftp.fcshexternado.com/public_html/" local="132338933908395542" remote="132072084000000000" Dst="0" />
<file name="adodb-pdo_oci.inc.php" server="ftp.fcshexternado.com/public_html/" local="132338933910344348" remote="132072084000000000" Dst="0" />
<file name="adodb-pdo_pgsql.inc.php" server="ftp.fcshexternado.com/public_html/" local="132338933912293132" remote="132072084000000000" Dst="0" />
<file name="adodb-pdo_sqlite.inc.php" server="ftp.fcshexternado.com/public_html/" local="132338933912373077" remote="132072084000000000" Dst="0" />
<file name="adodb-pdo_sqlsrv.inc.php" server="ftp.fcshexternado.com/public_html/" local="132338933914386085" remote="132072084000000000" Dst="0" />
<file name="adodb-postgres.inc.php" server="ftp.fcshexternado.com/public_html/" local="132338933916245915" remote="132072084000000000" Dst="0" />
<file name="adodb-postgres64.inc.php" server="ftp.fcshexternado.com/public_html/" local="132338933917397119" remote="132072084000000000" Dst="0" />
<file name="adodb-postgres7.inc.php" server="ftp.fcshexternado.com/public_html/" local="132338933919223134" remote="132072084000000000" Dst="0" />
<file name="adodb-postgres8.inc.php" server="ftp.fcshexternado.com/public_html/" local="132338933920247467" remote="132072084000000000" Dst="0" />
<file name="adodb-postgres9.inc.php" server="ftp.fcshexternado.com/public_html/" local="132338933922192728" remote="132072084000000000" Dst="0" />
<file name="adodb-proxy.inc.php" server="ftp.fcshexternado.com/public_html/" local="132338933923264167" remote="132072084000000000" Dst="0" />
<file name="adodb-sapdb.inc.php" server="ftp.fcshexternado.com/public_html/" local="132338933924136094" remote="132072084000000000" Dst="0" />
<file name="adodb-sqlanywhere.inc.php" server="ftp.fcshexternado.com/public_html/" local="132338933926350709" remote="132072084000000000" Dst="0" />
<file name="adodb-sqlite.inc.php" server="ftp.fcshexternado.com/public_html/" local="132338933928199544" remote="132072084000000000" Dst="0" />
<file name="adodb-sqlite3.inc.php" server="ftp.fcshexternado.com/public_html/" local="132338933928419419" remote="132072084000000000" Dst="0" />
<file name="adodb-sqlitepo.inc.php" server="ftp.fcshexternado.com/public_html/" local="132338933931167934" remote="132072084000000000" Dst="0" />
<file name="adodb-sybase.inc.php" server="ftp.fcshexternado.com/public_html/" local="132338933932247128" remote="132072084000000000" Dst="0" />
<file name="adodb-sybase_ase.inc.php" server="ftp.fcshexternado.com/public_html/" local="132338933933156503" remote="132072084000000000" Dst="0" />
<file name="adodb-vfp.inc.php" server="ftp.fcshexternado.com/public_html/" local="132338933935123412" remote="132072084000000000" Dst="0" />
</dwsync>