<?xml version="1.0" encoding="utf-8" ?>
<dwsync>
<file name="adodb-compress-bzip2.php" server="ftp.fcshexternado.com/public_html/" local="132338933995532419" remote="132072084000000000" Dst="0" />
<file name="adodb-compress-gzip.php" server="ftp.fcshexternado.com/public_html/" local="132338933996387779" remote="132072084000000000" Dst="0" />
<file name="adodb-cryptsession.php" server="ftp.fcshexternado.com/public_html/" local="132338933996507704" remote="132072084000000000" Dst="0" />
<file name="adodb-encrypt-mcrypt.php" server="ftp.fcshexternado.com/public_html/" local="132338934000473276" remote="132072084000000000" Dst="0" />
<file name="adodb-cryptsession2.php" server="ftp.fcshexternado.com/public_html/" local="132338934000513268" remote="132072084000000000" Dst="0" />
<file name="adodb-encrypt-md5.php" server="ftp.fcshexternado.com/public_html/" local="132338934001462656" remote="132072084000000000" Dst="0" />
<file name="adodb-encrypt-sha1.php" server="ftp.fcshexternado.com/public_html/" local="132338934006240727" remote="132072084000000000" Dst="0" />
<file name="adodb-encrypt-secret.php" server="ftp.fcshexternado.com/public_html/" local="132338934009648613" remote="132072084000000000" Dst="0" />
<file name="adodb-sess.txt" server="ftp.fcshexternado.com/public_html/" local="132338934010747935" remote="132072084000000000" Dst="0" />
<file name="adodb-session-clob.php" server="ftp.fcshexternado.com/public_html/" local="132338934013726099" remote="132072084000000000" Dst="0" />
<file name="adodb-session-clob2.php" server="ftp.fcshexternado.com/public_html/" local="132338934014235790" remote="132072084000000000" Dst="0" />
<file name="adodb-session.php" server="ftp.fcshexternado.com/public_html/" local="132338934016177997" remote="132072084000000000" Dst="0" />
<file name="adodb-session2.php" server="ftp.fcshexternado.com/public_html/" local="132338934019264933" remote="132072084000000000" Dst="0" />
<file name="adodb-sessions.mysql.sql" server="ftp.fcshexternado.com/public_html/" local="132338934019314873" remote="132072084000000000" Dst="0" />
<file name="adodb-sessions.oracle.clob.sql" server="ftp.fcshexternado.com/public_html/" local="132338934022333013" remote="132072084000000000" Dst="0" />
<file name="adodb-sessions.oracle.sql" server="ftp.fcshexternado.com/public_html/" local="132338934023302423" remote="132072084000000000" Dst="0" />
<file name="crypt.inc.php" server="ftp.fcshexternado.com/public_html/" local="132338934023332399" remote="132072084000000000" Dst="0" />
<file name="session_schema.xml" server="ftp.fcshexternado.com/public_html/" local="132338934035213748" remote="132072084000000000" Dst="0" />
<file name="session_schema2.xml" server="ftp.fcshexternado.com/public_html/" local="132338934037869735" remote="132072084000000000" Dst="0" />
</dwsync>