<?xml version="1.0" encoding="utf-8" ?>
<dwsync>
<file name="datadict-access.inc.php" server="ftp.fcshexternado.com/public_html/" local="132338933796099889" remote="132072084000000000" Dst="0" />
<file name="datadict-db2.inc.php" server="ftp.fcshexternado.com/public_html/" local="132338933798888160" remote="132072084000000000" Dst="0" />
<file name="datadict-firebird.inc.php" server="ftp.fcshexternado.com/public_html/" local="132338933799967503" remote="132072084000000000" Dst="0" />
<file name="datadict-generic.inc.php" server="ftp.fcshexternado.com/public_html/" local="132338933800876937" remote="132072084000000000" Dst="0" />
<file name="datadict-ibase.inc.php" server="ftp.fcshexternado.com/public_html/" local="132338933802804833" remote="132072084000000000" Dst="0" />
<file name="datadict-informix.inc.php" server="ftp.fcshexternado.com/public_html/" local="132338933804852906" remote="132072084000000000" Dst="0" />
<file name="datadict-mssql.inc.php" server="ftp.fcshexternado.com/public_html/" local="132338933804962840" remote="132072084000000000" Dst="0" />
<file name="datadict-mssqlnative.inc.php" server="ftp.fcshexternado.com/public_html/" local="132338933806801707" remote="132072084000000000" Dst="0" />
<file name="datadict-mysql.inc.php" server="ftp.fcshexternado.com/public_html/" local="132338933808835904" remote="132072084000000000" Dst="0" />
<file name="datadict-oci8.inc.php" server="ftp.fcshexternado.com/public_html/" local="132338933808875890" remote="132072084000000000" Dst="0" />
<file name="datadict-postgres.inc.php" server="ftp.fcshexternado.com/public_html/" local="132338933811634194" remote="132072084000000000" Dst="0" />
<file name="datadict-sapdb.inc.php" server="ftp.fcshexternado.com/public_html/" local="132338933812783483" remote="132072084000000000" Dst="0" />
<file name="datadict-sqlite.inc.php" server="ftp.fcshexternado.com/public_html/" local="132338933812803472" remote="132072084000000000" Dst="0" />
<file name="datadict-sybase.inc.php" server="ftp.fcshexternado.com/public_html/" local="132338933815810688" remote="132072084000000000" Dst="0" />
</dwsync>