<?xml version="1.0" encoding="utf-8" ?>
<dwsync>
<file name="LICENSE.md" server="ftp.fcshexternado.com/public_html/" local="132338933738988994" remote="132072084000000000" Dst="0" />
<file name="README.md" server="ftp.fcshexternado.com/public_html/" local="132338933739008985" remote="132072084000000000" Dst="0" />
<file name="adodb-active-record.inc.php" server="ftp.fcshexternado.com/public_html/" local="132338933743875983" remote="132072084000000000" Dst="0" />
<file name="adodb-csvlib.inc.php" server="ftp.fcshexternado.com/public_html/" local="132338933744005904" remote="132072084000000000" Dst="0" />
<file name="adodb-error.inc.php" server="ftp.fcshexternado.com/public_html/" local="132338933749192723" remote="132072084000000000" Dst="0" />
<file name="adodb-datadict.inc.php" server="ftp.fcshexternado.com/public_html/" local="132338933751971003" remote="132072084000000000" Dst="0" />
<file name="adodb-errorhandler.inc.php" server="ftp.fcshexternado.com/public_html/" local="132338933753869829" remote="132072084000000000" Dst="0" />
<file name="adodb-active-recordx.inc.php" server="ftp.fcshexternado.com/public_html/" local="132338933755758682" remote="132072084000000000" Dst="0" />
<file name="adodb-errorpear.inc.php" server="ftp.fcshexternado.com/public_html/" local="132338933756907977" remote="132072084000000000" Dst="0" />
<file name="adodb-exceptions.inc.php" server="ftp.fcshexternado.com/public_html/" local="132338933758986756" remote="132072084000000000" Dst="0" />
<file name="adodb-iterator.inc.php" server="ftp.fcshexternado.com/public_html/" local="132338933759966078" remote="132072084000000000" Dst="0" />
<file name="adodb-lib.inc.php" server="ftp.fcshexternado.com/public_html/" local="132338933763134154" remote="132072084000000000" Dst="0" />
<file name="adodb-pager.inc.php" server="ftp.fcshexternado.com/public_html/" local="132338933763923665" remote="132072084000000000" Dst="0" />
<file name="adodb-memcache.lib.inc.php" server="ftp.fcshexternado.com/public_html/" local="132338933767111689" remote="132072084000000000" Dst="0" />
<file name="adodb-pear.inc.php" server="ftp.fcshexternado.com/public_html/" local="132338933767881277" remote="132072084000000000" Dst="0" />
<file name="adodb-perf.inc.php" server="ftp.fcshexternado.com/public_html/" local="132338933770854694" remote="132072084000000000" Dst="0" />
<file name="adodb-php4.inc.php" server="ftp.fcshexternado.com/public_html/" local="132338933773418723" remote="132072084000000000" Dst="0" />
<file name="adodb-time.inc.php" server="ftp.fcshexternado.com/public_html/" local="132338933777536289" remote="132072084000000000" Dst="0" />
<file name="adodb-xmlschema.inc.php" server="ftp.fcshexternado.com/public_html/" local="132338933780556863" remote="132072084000000000" Dst="0" />
<file name="adodb-xmlschema03.inc.php" server="ftp.fcshexternado.com/public_html/" local="132338933785592116" remote="132072084000000000" Dst="0" />
<file name="composer.json" server="ftp.fcshexternado.com/public_html/" local="132338933790079378" remote="132072084000000000" Dst="0" />
<file name="adodb.inc.php" server="ftp.fcshexternado.com/public_html/" local="132338933791988201" remote="132072084000000000" Dst="0" />
<file name="pivottable.inc.php" server="ftp.fcshexternado.com/public_html/" local="132338933991405133" remote="132072084000000000" Dst="0" />
<file name="rsfilter.inc.php" server="ftp.fcshexternado.com/public_html/" local="132338933992453131" remote="132072084000000000" Dst="0" />
<file name="server.php" server="ftp.fcshexternado.com/public_html/" local="132338933992523075" remote="132072084000000000" Dst="0" />
<file name="toexport.inc.php" server="ftp.fcshexternado.com/public_html/" local="132338934036875709" remote="132072084000000000" Dst="0" />
<file name="tohtml.inc.php" server="ftp.fcshexternado.com/public_html/" local="132338934040752334" remote="132072084000000000" Dst="0" />
<file name="xmlschema03.dtd" server="ftp.fcshexternado.com/public_html/" local="132338934041776486" remote="132072084000000000" Dst="0" />
<file name="xmlschema.dtd" server="ftp.fcshexternado.com/public_html/" local="132338934042710396" remote="132072084000000000" Dst="0" />
</dwsync>