<?xml version="1.0" encoding="utf-8" ?>
<dwsync>
<file name="README.md" server="ftp.fcshexternado.com/public_html/" local="132338933817742426" remote="132072084000000000" Dst="0" />
<file name="adodb.gif" server="ftp.fcshexternado.com/public_html/" local="132338933817802393" remote="132072084000000000" Dst="0" />
<file name="adodb2.gif" server="ftp.fcshexternado.com/public_html/" local="132338933821620097" remote="132072084000000000" Dst="0" />
<file name="changelog.md" server="ftp.fcshexternado.com/public_html/" local="132338933823019188" remote="132072084000000000" Dst="0" />
<file name="changelog_v2.x.md" server="ftp.fcshexternado.com/public_html/" local="132338933824048558" remote="132072084000000000" Dst="0" />
<file name="changelog_v3.x.md" server="ftp.fcshexternado.com/public_html/" local="132338933826916793" remote="132072084000000000" Dst="0" />
<file name="changelog_v4+5.md" server="ftp.fcshexternado.com/public_html/" local="132338933827046704" remote="132072084000000000" Dst="0" />
<file name="changelog_v4.x.md" server="ftp.fcshexternado.com/public_html/" local="132338933832023622" remote="132072084000000000" Dst="0" />
</dwsync>